{
  "eye": {
    "orientation": [
      -0.008951205760240555,
      -0.7617798447608948,
      0.05970676243305206,
      0.6450167298316956
    ],
    "magnitude": 0.12715768814086914,
    "position": [
      -920.389404296875,
      233.5582275390625,
      43.091552734375
    ]
  },
  "radius": 793.2212524414062,
  "type": "PERSPECTIVE"
}